,Load v 1,,Load v 3,,Load v 5,
,gutteranddrainpipe.png,,waders.png,,well.png,
,tire.png,,wallclock.png,,christmaswreath.png,
,tricycle.png,,watercolorpaintset.png,,hockeygoalieglove.png,
,keyhole.png,,gazebo.png,,generator.png,
,tombstone.png,,napkin.png,,electrictransformer.png,
,napkin.png,,salmon.png,,sailboat.png,
,porchlight.png,,umbrella.png,,whiteout.png,
,lifesaver.png,,candydispenser.png,,sailboat.png,
,mailbox01.png,,dresser02.png,,tombstone.png,
,icecube02.png,,jokercard.png,,litterbox.png,
,porchlight.png,,table01.png,,litterbox.png,
,shoulderpad.png,,briefcase.png,,litterbox.png,
,onewaysign.png,,pricetag.png,,jumpingjack.png,
,shield02.png,,mailtruck.png,,hockeygoalieglove.png,
,fireplaced.png,,firealarm.png,,redonion.png,
,treestump.png,,fountainpen.png,,forklift.png,
,puzzle.png,,frisbee.png,,satellitedish01.png,
,pintofbeer.png,,cherrytomato01.png,,hockeygoalieglove.png,
,shower.png,,carjack.png,,jumpingjack.png,
,treestump.png,,blender.png,,cupcake.png,
,espressomachine.png,,shower.png,,jumpingjack.png,
,pokerchips.png,,chainsaw.png,,forklift.png,
,gamecontroller01.png,,mortarandpestle.png,,mailtruck.png,
,pintofbeer.png,,flipflop01b.png,,buddhastatue.png,
,lawnmowertractor.png,,accordion.png,,satellitedish01.png,
,nintendods.png,,microphone.png,,manholecover.png,
,honeycomb.png,,armchair02.png,,cupcake.png,
,mug05.png,,icecreamcone01.png,,clover.png,
,pokerchips.png,,shoulder.png,,hockeygoalieglove.png,
,chessknight03a.png,,waterlily.png,,buddhastatue.png,
,toysoldier01b.png,,shoppingcart.png,,christmaswreath.png,
,gutteranddrainpipe.png,,diskbrake.png,,generator.png,
,puzzle.png,,chocolatechip.png,,electricoutlet.png,
,gift01.png,,suitcase.png,,hose.png,
,stool01.png,,doorbolt.png,,hockeygoalieglove.png,
,recyclingbin.png,,mortarandpestle.png,,skiBoot01a.png,
,wheelchair.png,,firehydrant.png,,shoepolish.png,
,gutteranddrainpipe.png,,graveltruck.png,,forklift.png,
,honeycomb.png,,tire.png,,litterbox.png,
,mug05.png,,guitar.png,,snowman.png,
,recyclingbin.png,,firstaidkit.png,,cactus.png,
,fanheater.png,,clapperboard.png,,electrictransformer.png,
,mug05.png,,star.png,,bikewheel.png,
,urinal.png,,waterfountain02.png,,pavedsidewalk.png,
,honeycomb.png,,belltower01.png,,pavedsidewalk.png,
,gutteranddrainpipe.png,,wetfloorsign.png,,punchingball.png,
,hockeygoaliepad.png,,horse.png,,litterbox.png,
,gong.png,,lamp.png,,fingerprint.png,
,honeycomb.png,,diploma01.png,,christmaswreath.png,
,napkin.png,,painting.png,,hose.png,
,desktopcomputer.png,,walkingshoe01.png,,hand01b.png,
,lawnmowertractor.png,,armchair02.png,,hand01b.png,
,gutteranddrainpipe.png,,rollercoaster.png,,pavedsidewalk.png,
,shoulderpad.png,,trailerhitchball.png,,electrictransformer.png,
,jarofapplesauce.png,,chandelier.png,,stairs.png,
,football.png,,albatross.png,,hose.png,
,tree.png,,coat.png,,snowman.png,
,safetyglasses.png,,tire.png,,manholecover.png,
,handblender.png,,pirateflag.png,,stairs.png,
,shoulderpad.png,,hotdog.png,,christmaswreath.png,
,corkboard.png,,teddybear.png,,bikewheel.png,
,outdoorfireplace.png,,suitofarmor.png,,stairs.png,
,basketball01.png,,coat.png,,cactus.png,
,lawnmowertractor.png,,tophat.png,,hand01b.png,
,stool01.png,,knee.png,,snowman.png,
,handvacuum.png,,licenseplate.png,,manholecover.png,
,wheel04.png,,boxtruck.png,,stairs.png,
,tire.png,,portapotty.png,,electrictransformer.png,
,mug05.png,,sandwich.png,,forklift.png,
,honeycomb.png,,toilet.png,,carjack.png,
,lunchbag.png,,flower01.png,,punchingball.png,
,dumptruck.png,,cutleryset.png,,christmaswreath.png,
,handblender.png,,electricmixer.png,,hockeygoalieglove.png,
,chessknight03a.png,,springroll.png,,generator.png,
,football.png,,lifebuoy.png,,stairs.png,
,corkboard.png,,corkboard.png,,christmaswreath.png,
,tire.png,,bookshelf.png,,knee.png,
,pumpkin.png,,trafficlight.png,,forklift.png,
,taxisign.png,,beachumbrella.png,,shoepolish.png,
,menwashroomsign.png,,sushiroll.png,,redonion.png,
,pokerchips.png,,table01.png,,hose.png,
,television.png,,tankertruck.png,,pottery.png,
,fireplaced.png,,swimsuit.png,,litterbox.png,
,desktopcomputer.png,,boogieboard.png,,satellitedish01.png,
,handgripper.png,,hotdog.png,,litterbox.png,
,safe.png,,soda.png,,litterbox.png,
,gazebo.png,,footrest02.png,,christmaswreath.png,
,recyclingbin.png,,shellpasta.png,,stairs.png,
,projectorscreen.png,,turkeyleg.png,,satellitedish01.png,
,memorialplaque.png,,bowlofcereal.png,,generator.png,
,lifesaver.png,,sprinkler.png,,hockeygoalieglove.png,
,taxisign.png,,golfball.png,,shoepolish.png,
,shower.png,,flute.png,,electricoutlet.png,
,gong.png,,cartonofeggs.png,,christmaswreath.png,
,porchlight.png,,handcuffs.png,,stairs.png,
,icecube02.png,,greathornowl.png,,jumpingjack.png,
,toilet.png,,log.png,,smokedetector02.png,
,tire.png,,taco.png,,christmaswreath.png,
,treadmill.png,,gardenutilityvehicle.png,,trampoline.png,
,toilet.png,,donut.png,,satellitedish01.png,
,pintofbeer.png,,sewingmachine.png,,buddhastatue.png,
,hockeygoaliepad.png,,nightstand.png,,redonion.png,
,lawnmowertractor.png,,keyhole.png,,litterbox.png,
,shower.png,,leatherboot01a.png,,hand01b.png,
,poloshirt.png,,spacehelmet.png,,granolabar01.png,
,handblender.png,,playground.png,,forklift.png,
,safetyglasses.png,,tire.png,,christmaswreath.png,
,plantpot.png,,pokerchips.png,,well.png,
,wetfloorsign.png,,lighthouse.png,,electrictransformer.png,
,mailtruck.png,,hotdog.png,,forklift.png,
,icecube02.png,,albatross.png,,forklift.png,
,corkboard.png,,chest01.png,,snowman.png,
,wetfloorsign.png,,safetyglasses.png,,stool01.png,
,fortunecookie.png,,woodenlog.png,,buddhastatue.png,
,handblender.png,,firehydrant.png,,stairs.png,
,tire.png,,skullwithcrossbones.png,,microwave.png,
,recyclingbin.png,,table01.png,,treadmill.png,
,gutteranddrainpipe.png,,fingernail02.png,,punchingball.png,
,shoulderpad.png,,golfball.png,,electricoutlet.png,
,fanheater.png,,diaperbag.png,,snowman.png,
,handgripper.png,,airvent.png,,litterbox.png,
,pokerchips.png,,stroller.png,,electricoutlet.png,
,toysoldier01b.png,,muffintray01.png,,christmaswreath.png,
,mailtruck.png,,recyclingbin.png,,electrictransformer.png,
,keyhole.png,,hammer.png,,forklift.png,
,espressomachine.png,,calculator.png,,snowman.png,
,icecube02.png,,grill.png,,electricoutlet.png,
,nintendods.png,,poloshirt.png,,forklift.png,
,outdoorfireplace.png,,firehydrant.png,,christmaswreath.png,
,fortunecookie.png,,hamslice.png,,satellitedish01.png,
,puzzle.png,,keyboard.png,,snowman.png,
,plantpot.png,,jokercard.png,,hockeygoalieglove.png,
,memorialplaque.png,,iron.png,,snowman.png,
,projectorscreen.png,,cherrytomato01.png,,satellitedish01.png,
,safetyglasses.png,,handcuffs.png,,forklift.png,
,wheel04.png,,nightstand.png,,hose.png,
,wheelchair.png,,bowlofcereal.png,,electricoutlet.png,
,dumptruck.png,,hotdog.png,,redonion.png,
,porchlight.png,,firealarm.png,,stairs.png,
,jarofapplesauce.png,,greathornowl.png,,tombstone.png,
,basketball01.png,,coat.png,,buddhastatue.png,
,tricycle.png,,star.png,,hand01b.png,
,gazebo.png,,painting.png,,knee.png,
,mailbox01.png,,licenseplate.png,,hand01b.png,
,pumpkin.png,,pirateflag.png,,manholecover.png,
,gift01.png,,icecreamcone01.png,,smokedetector02.png,
,gamecontroller01.png,,waders.png,,jumpingjack.png,
,mug05.png,,firehydrant.png,,christmaswreath.png,
,safe.png,,blender.png,,cactus.png,
,onewaysign.png,,cartonofeggs.png,,hockeygoalieglove.png,