,,,,,,
,shoulderpad.png,,cherrytomato01.png,,hose.png,
,gutteranddrainpipe.png,,handcuffs.png,,electricoutlet.png,
,napkin.png,,nightstand.png,,redonion.png,
,pintofbeer.png,,bowlofcereal.png,,stairs.png,
,mug05.png,,hotdog.png,,tombstone.png,
,gong.png,,firealarm.png,,buddhastatue.png,
,hockeygoaliepad.png,,greathornowl.png,,hand01b.png,
,porchlight.png,,coat.png,,knee.png,
,lawnmowertractor.png,,star.png,,hand01b.png,
,taxisign.png,,painting.png,,manholecover.png,
,football.png,,licenseplate.png,,smokedetector02.png,
,fireplaced.png,,pirateflag.png,,jumpingjack.png,
,desktopcomputer.png,,icecreamcone01.png,,christmaswreath.png,
,tire.png,,waders.png,,cactus.png,
,fanheater.png,,firehydrant.png,,hockeygoalieglove.png,
,handgripper.png,,blender.png,,pottery.png,
,pokerchips.png,,cartonofeggs.png,,trampoline.png,
,toysoldier01b.png,,skullwithcrossbones.png,,granolabar01.png,
,mailtruck.png,,boxtruck.png,,cupcake.png,
,keyhole.png,,pokerchips.png,,electrictransformer.png,
,espressomachine.png,,coat.png,,punchingball.png,
,icecube02.png,,guitar.png,,treadmill.png,
,nintendods.png,,electricmixer.png,,skiBoot01a.png,
,outdoorfireplace.png,,safetyglasses.png,,punchingball.png,
,fortunecookie.png,,turkeyleg.png,,well.png,
,puzzle.png,,mortarandpestle.png,,hand01b.png,
,plantpot.png,,horse.png,,fingerprint.png,
,memorialplaque.png,,springroll.png,,litterbox.png,
,projectorscreen.png,,carjack.png,,pavedsidewalk.png,
,safetyglasses.png,,cutleryset.png,,whiteout.png,
,wheel04.png,,graveltruck.png,,cupcake.png,
,wheelchair.png,,shower.png,,shoepolish.png,
,dumptruck.png,,tire.png,,generator.png,
,porchlight.png,,tophat.png,,sailboat.png,
,jarofapplesauce.png,,shoppingcart.png,,bikewheel.png,
,basketball01.png,,bookshelf.png,,redonion.png,
,tricycle.png,,sandwich.png,,snowman.png,
,gazebo.png,,watercolorpaintset.png,,well.png,
,mailbox01.png,,lighthouse.png,,microwave.png,
,pumpkin.png,,diskbrake.png,,redonion.png,
,gift01.png,,taco.png,,christmaswreath.png,
,gamecontroller01.png,,briefcase.png,,manholecover.png,
,mug05.png,,footrest02.png,,mailtruck.png,
,safe.png,,waterlily.png,,christmaswreath.png,
,onewaysign.png,,albatross.png,,satellitedish01.png,
,tire.png,,woodenlog.png,,clover.png,
,shield02.png,,flute.png,,christmaswreath.png,
,lifesaver.png,,portapotty.png,,jumpingjack.png,
,lunchbag.png,,chest01.png,,carjack.png,
,stool01.png,,beachumbrella.png,,electrictransformer.png,
,pokerchips.png,,fountainpen.png,,forklift.png,
,shower.png,,golfball.png,,stool01.png,
,icecube02.png,,candydispenser.png,,hand01b.png,
,treadmill.png,,umbrella.png,,electricoutlet.png,
,chessknight03a.png,,soda.png,,punchingball.png,
,tree.png,,lifebuoy.png,,hose.png,
,wetfloorsign.png,,leatherboot01a.png,,snowman.png,
,urinal.png,,tire.png,,stairs.png,
,shower.png,,knee.png,,christmaswreath.png,
,mug05.png,,teddybear.png,,cactus.png,
,poloshirt.png,,firehydrant.png,,buddhastatue.png,
,shoulderpad.png,,accordion.png,,hockeygoalieglove.png,
,toilet.png,,sewingmachine.png,,christmaswreath.png,
,tombstone.png,,chandelier.png,,stairs.png,
,pintofbeer.png,,sprinkler.png,,satellitedish01.png,
,lawnmowertractor.png,,table01.png,,stairs.png,
,lifesaver.png,,table01.png,,generator.png,
,shoulderpad.png,,waterfountain02.png,,electrictransformer.png,
,toilet.png,,salmon.png,,stairs.png,
,television.png,,armchair02.png,,hose.png,
,safetyglasses.png,,napkin.png,,stairs.png,
,icecube02.png,,frisbee.png,,bikewheel.png,
,handvacuum.png,,armchair02.png,,hockeygoalieglove.png,
,stool01.png,,firstaidkit.png,,shoepolish.png,
,handblender.png,,tire.png,,litterbox.png,
,chessknight03a.png,,mortarandpestle.png,,litterbox.png,
,recyclingbin.png,,microphone.png,,forklift.png,
,puzzle.png,,albatross.png,,litterbox.png,
,treestump.png,,corkboard.png,,pavedsidewalk.png,
,gutteranddrainpipe.png,,golfball.png,,generator.png,
,shower.png,,spacehelmet.png,,snowman.png,
,tire.png,,chocolatechip.png,,jumpingjack.png,
,treestump.png,,lamp.png,,christmaswreath.png,
,pokerchips.png,,pricetag.png,,forklift.png,
,corkboard.png,,rollercoaster.png,,forklift.png,
,lawnmowertractor.png,,diploma01.png,,shoepolish.png,
,wetfloorsign.png,,wetfloorsign.png,,manholecover.png,
,recyclingbin.png,,wallclock.png,,forklift.png,
,tire.png,,walkingshoe01.png,,snowman.png,
,honeycomb.png,,chainsaw.png,,litterbox.png,
,menwashroomsign.png,,sushiroll.png,,litterbox.png,
,corkboard.png,,suitofarmor.png,,stairs.png,
,honeycomb.png,,keyhole.png,,sailboat.png,
,honeycomb.png,,dresser02.png,,hose.png,
,recyclingbin.png,,playground.png,,satellitedish01.png,
,handblender.png,,fingernail02.png,,christmaswreath.png,
,gutteranddrainpipe.png,,jokercard.png,,litterbox.png,
,honeycomb.png,,swimsuit.png,,forklift.png,
,recyclingbin.png,,diaperbag.png,,jumpingjack.png,
,gutteranddrainpipe.png,,shoulder.png,,pavedsidewalk.png,
,corkboard.png,,flipflop01b.png,,buddhastatue.png,
,handblender.png,,trailerhitchball.png,,hockeygoalieglove.png,
,honeycomb.png,,belltower01.png,,stairs.png,
,handblender.png,,donut.png,,electrictransformer.png,
,gutteranddrainpipe.png,,flower01.png,,forklift.png,
,shoulderpad.png,,log.png,,hockeygoalieglove.png,
,gutteranddrainpipe.png,,suitcase.png,,christmaswreath.png,
,napkin.png,,gazebo.png,,buddhastatue.png,
,pintofbeer.png,,trafficlight.png,,satellitedish01.png,
,mug05.png,,boogieboard.png,,litterbox.png,
,gong.png,,tankertruck.png,,hockeygoalieglove.png,
,hockeygoaliepad.png,,clapperboard.png,,snowman.png,
,porchlight.png,,table01.png,,electrictransformer.png,
,lawnmowertractor.png,,shellpasta.png,,christmaswreath.png,
,taxisign.png,,hotdog.png,,satellitedish01.png,
,football.png,,mailtruck.png,,generator.png,
,fireplaced.png,,toilet.png,,litterbox.png,
,desktopcomputer.png,,doorbolt.png,,hockeygoalieglove.png,
,tire.png,,gardenutilityvehicle.png,,electricoutlet.png,
,fanheater.png,,hotdog.png,,forklift.png,
,handgripper.png,,airvent.png,,litterbox.png,
,pokerchips.png,,stroller.png,,electricoutlet.png,
,toysoldier01b.png,,muffintray01.png,,christmaswreath.png,
,mailtruck.png,,recyclingbin.png,,electrictransformer.png,
,keyhole.png,,hammer.png,,forklift.png,
,espressomachine.png,,calculator.png,,snowman.png,
,icecube02.png,,grill.png,,electricoutlet.png,
,nintendods.png,,poloshirt.png,,forklift.png,
,outdoorfireplace.png,,firehydrant.png,,christmaswreath.png,
,fortunecookie.png,,hamslice.png,,satellitedish01.png,
,puzzle.png,,keyboard.png,,snowman.png,
,plantpot.png,,jokercard.png,,hockeygoalieglove.png,
,memorialplaque.png,,iron.png,,snowman.png,
,projectorscreen.png,,cherrytomato01.png,,satellitedish01.png,
,safetyglasses.png,,handcuffs.png,,forklift.png,
,wheel04.png,,nightstand.png,,hose.png,
,wheelchair.png,,bowlofcereal.png,,electricoutlet.png,
,dumptruck.png,,hotdog.png,,redonion.png,
,porchlight.png,,firealarm.png,,stairs.png,
,jarofapplesauce.png,,greathornowl.png,,tombstone.png,
,basketball01.png,,coat.png,,buddhastatue.png,
,tricycle.png,,star.png,,hand01b.png,
,gazebo.png,,painting.png,,knee.png,
,mailbox01.png,,licenseplate.png,,hand01b.png,
,pumpkin.png,,pirateflag.png,,manholecover.png,
,gift01.png,,icecreamcone01.png,,smokedetector02.png,
,gamecontroller01.png,,waders.png,,jumpingjack.png,
,mug05.png,,firehydrant.png,,christmaswreath.png,
,safe.png,,blender.png,,cactus.png,
,onewaysign.png,,cartonofeggs.png,,hockeygoalieglove.png,