,filename
1,noparkingsign.png
2,donotentersign.png
3,compostbin.png
4,officecabinet.png
5,shoulder.png
6,chimney.png
7,floortile02.png
8,floppydisk02a.png
9,nightstand.png
10,calendar.png
11,diploma01.png
12,playingcard.png
13,scanner.png
14,dartboard.png
15,espressomachine.png
16,videotape01b.png
17,dumpster.png
18,painting.png
19,firealarm.png
20,record.png
21,heatpump.png
22,generator.png
23,flask.png
24,ballofstring.png
25,bucket02.png
26,coffeemachine.png
27,soccerball.png
28,projectorscreen.png
29,smokedetector02.png
30,volleyball.png
31,basketball01.png
32,coconut.png
33,airconditioner.png
34,softcheese.png
35,tennisball01b.png
36,ramekin01.png
37,honeydewmelon.png
38,cooler01.png
39,balloon01b.png
40,ceilingspeaker.png
41,baseball01a.png
42,woodencrate01.png
43,watermelon01.png
44,bowlingball.png
45,worldmap.png
46,litterbox.png
47,cremebrulee.png
48,salsa.png
49,exitsign.png
50,pokerchips.png
51,icemaker.png
52,Jesusstatue.png
53,manholecover.png
54,cantaloupe01.png
55,jewelrybox01b.png
56,moon.png
57,storagebin.png
58,lime.png
59,discoball.png
60,peach01.png
61,atm.png
62,kiwi03.png
63,ball02.png
65,buddhastatue.png
66,lunchbag.png
67,apple07.png
68,cabbage.png
69,casabamelon.png
70,cupcake.png
71,jackolantern.png
72,gastank.png
73,walnut01c.png
74,iceberglettuce.png
75,orange.png
76,cd.png
77,cardboardbox.png
78,phonejack.png
79,hockeypuck.png
80,papershredder.png
81,wallclock.png
82,dentalfloss03b.png
83,hibiscusflower02.png
84,pepper04a.png
85,brusselssprout.png
86,plum01.png
87,callbell.png
88,monitor.png
89,bluecheese.png
90,lychee01.png
91,potato02b.png
92,humanskull.png
94,golfball.png
95,wheel04.png
96,radiator.png
97,bowlofchips.png
98,mango01.png
99,oven.png
100,makiroll.png
101,breadslice.png
102,fuse.png
103,carsidemirror01.png
104,hinge.png
105,television.png
106,nosmokingsign.png
107,desktopcomputer.png
108,saladspinner.png
109,beermug01a.png
110,redonion.png
111,croissant01.png
112,plasticgallon.png
113,bib.png
114,mug05.png
116,corkboard.png
117,dryingmachine02.png
119,weddingcake.png
120,wheel01.png
121,button01.png
122,recyclingbin.png
123,englishmuffin.png
124,locomotive.png
125,toiletpaper01a.png
126,photocopier.png
127,knee.png
128,licenseplate.png
129,nintendods.png
130,fanblades.png
131,freezer02.png
132,garlic01a.png
133,mailtruck.png
134,toasteroven.png
136,eyechart.png
137,lilypad.png
138,mug01.png
140,donut.png
141,pencilsharpener02a.png
142,aircompressor.png
143,greenolive.png
144,flowerwreath.png
145,shed02.png
146,box01a.png
147,doghouse.png
148,garbagecan02.png
149,dice05a.png
150,minifridge.png
151,cartonofeggs.png
152,snowglobe.png
153,cutleryset.png
154,aquarium.png
155,chocolatechip.png
156,plantpot.png
157,sewingmachine01a.png
160,hockeygoalieglove.png
161,paninigrill.png
162,cookie01.png
163,marble.png
164,tray.png
166,paintcan01.png
167,crumpledpaper.png
168,carbattery.png
169,bagel01.png
171,bun.png
174,tomato01.png
175,tape02a.png
176,pot01.png
177,bread.png
178,bucket01a.png
179,washingmachine.png
180,tire.png
182,pin.png
184,smartboard.png
185,busshelter.png
186,suitofarmor.png
187,blueberry01.png
188,safe.png
191,condom.png
192,kettle01.png
193,hose.png
194,electricmixer.png
195,dvdcase01.png
197,lettuce.png
198,keyhole.png
199,bowl01.png
200,boxtrailer.png
202,suitcase.png
204,dormer.png
206,butterdish.png
207,coffeemaker.png
208,bandage.png
209,linedpaper.png
210,faxmachine.png
211,diaperbag.png
212,lawnmowertractor.png
213,icebucket.png
214,puppettheatre.png
215,chalkboard01.png
216,toaster01.png
217,sneaker03b.png
218,kitchenscale01a.png
219,strawberry.png
220,cameracase01a.png
221,bowl02a.png
222,speaker04.png
223,tankertruck.png
224,popcorn.png
225,onion.png
226,wafflemaker.png
227,printer02.png
229,outletadapter01.png
230,doubledoors.png
231,mushroom01.png
232,pokerset.png
233,cinderblock.png
234,cementtruck.png
235,raspberry01.png
236,nose.png
237,chest01.png
238,boogieboard.png
239,lightswitch01.png
241,styrofoamcup.png
242,castle.png
243,armchair02.png
244,goldnugget.png
245,alarmsystem.png
246,motoroilbottle01.png
247,elbow.png
248,memorialplaque.png
249,electricitymeter.png
250,ducttape.png
252,measuringcup01.png
253,tortilla.png
254,microwave.png
257,filmroll.png
258,tortillachip.png
259,magneticcompass.png
260,sprinkler.png
261,firstaidkit.png
262,dresser02.png
263,mortarandpestle.png
264,globe.png
265,fireplace.png
266,jarofapplesauce.png
267,tent.png
268,lock03a.png
269,deodorant02a.png
270,slushiemachine.png
271,baseballglove.png
272,clock04.png
273,fingerprint.png
274,fortunecookie.png
275,tomatojuice.png
276,inukshuk.png
278,scrubbingbrush05b.png
279,shoepolish.png
280,avocado01.png
281,moccasin.png
282,campfire.png
283,shirt01.png
284,bottlecap.png
285,guacamole.png
286,orangejuice.png
287,boxtruck.png
288,cauliflower01.png
289,barrel01.png
290,coloringset.png
291,fan.png
292,jar03.png
293,rollerblade.png
294,backpack01a.png
295,eggslicer.png
296,pizza.png
297,rainboot.png
298,turnip.png
299,mirror01.png
300,rubikcube.png
301,cloud.png
302,garbagebin.png
305,pants.png
306,papertowel.png
307,pitcher02b.png
308,glass02a.png
309,pictureframe04.png
310,nailgun.png
311,thread02.png
312,vase02.png
313,shower.png
314,gift01.png
316,steamroller.png
317,gps.png
318,milkcontainer.png
321,palmier.png
322,desk02.png
324,sardinecan.png
325,windshieldwasherfluid.png
326,hamslice.png
327,cashregister01.png
329,steeringwheel.png
330,scissorlift.png
331,christmaswreath.png
334,crosscountryboot.png
335,fanheater.png
336,whiteout.png
337,coffeepot03a.png
338,strainer02.png
339,donotwalksign.png
340,interlockingbuildingblock03b.png
341,candle08b.png
342,icecube02.png
343,walkman.png
344,christmasball.png
346,lunchbox.png
347,envelope03a.png
349,bus.png
350,fingernail02.png
351,lifejacket.png
352,sand.png
353,watervalve.png
354,lifesaver.png
357,barn.png
358,cowbell.png
359,pavedsidewalk.png
361,urinal.png
363,carlighter02.png
364,fridge.png
365,halogenlightbulb.png
366,toolbox02.png
368,battery02b.png
369,pumpkin.png
370,brainmodel.png
371,couch02.png
372,medal02b.png
373,scotchtape.png
374,waterfountain02.png
375,compactpowder.png
376,church.png
377,cookingpot.png
378,spiderweb.png
379,jarofcapers.png
380,grater01a.png
381,gamecontroller01.png
383,sandbagthrowgame.png
384,outdoorchair.png
385,airvent.png
387,greathornowl.png
388,windowblinds02.png
389,hockeygoaliepad.png
390,chocolatecroissant.png
391,thermos.png
392,toast.png
394,reflector.png
395,propanetank01.png
396,bed.png
397,chessboard.png
398,slipper01b.png
399,mailbox01.png
402,cherrytomato01.png
403,fusebox.png
404,dumpling.png
405,sandcastle.png
406,doorlock.png
407,bookshelf.png
408,waterfall.png
409,poloshirt.png
410,tree.png
411,lemon02.png
413,flower01.png
414,clover.png
415,boot02b.png
417,sock01a.png
418,towel01.png
419,wheelchair.png
420,frisbee.png
421,spotlight.png
422,swimsuit.png
424,windowshutter.png
426,cork02.png
427,securitycamera.png
429,chalkboarderaser01.png
430,iceskate.png
431,toytanktruck.png
432,travelmug.png
434,pillbottle.png
435,clock01a.png
437,nailpolish03b.png
438,entrancegate.png
439,cottonpad.png
440,football.png
441,artichoke01b.png
442,webcam.png
444,gasburner.png
445,toilet.png
447,binoculars01b.png
449,ashtray01.png
450,bowlofcereal.png
451,coffeebean.png
452,brooch.png
453,tissuebox01b.png
454,addressplate.png
457,hikingshoe01.png
458,ginger.png
459,bag.png
460,boxingglove01.png
461,maplebuttercone.png
464,vase01.png
465,shotglass.png
466,chainmail.png
467,icepack.png
468,giftbow02b.png
469,handcuffs.png
470,electricoutlet.png
471,usbkey.png
472,fluorescentlightbulb.png
473,apron.png
474,portapotty.png
476,tupperware03a.png
478,taxisign.png
480,spicerack.png
481,contactlens.png
482,sportbag.png
483,shinpad.png
484,outdoorfireplace.png
485,holdfast.png
486,rock01a.png
487,road02.png
488,trailerhitchball.png
489,number3.png
490,stairs.png
491,pacifier02d.png
492,laptop01a.png
493,shellpasta.png
494,stuffedpuffin.png
495,bulldozer.png
496,snowman.png
498,bikewheel.png
499,pinecone01.png
501,key07.png
502,shoppingcart.png
503,bathtub.png
504,diaper01c.png
505,woodboard.png
507,notebook03a.png
508,pitabread.png
510,kidpicnictable.png
511,bleachbottle.png
512,pottery.png
515,rearviewmirror.png
516,spinningtoy.png
517,footrest02.png
520,electrictransformer.png
521,pencilcase01.png
524,springroll.png
525,porsche.png
526,blackberry.png
527,brasslipstrike.png
528,gardenswing.png
530,8ball.png
531,shirt02.png
534,firtree.png
536,cruiseship.png
537,saltshaker03a.png
538,pouch01b.png
539,kiddiepool.png
541,scarf.png
544,sportsjersey.png
545,shorts01.png
547,rug01.png
549,yarn.png
550,icecubetray01a.png
551,slide02.png
552,parkbench02.png
553,firehydrant.png
554,postalmailbox01.png
556,lightbulb01.png
557,chocolatemilk.png
558,foosballtable.png
560,almond.png
561,giftbag01a.png
563,pricesign.png
565,brick.png
566,ziplocbag.png
567,headlight.png
568,cookiecutter.png
569,watercolorpaintset.png
570,shoulderpad.png
571,usbcable01a.png
572,taillight.png
573,gong.png
574,drinkshaker.png
575,wallet02a.png
576,workglove02c.png
577,cherry01.png
578,table01.png
580,cactus.png
581,handbag02a.png
582,hotdog.png
583,bowtie.png
584,ear.png
585,kneepad01c.png
586,aluminiumfoil.png
587,videocamera01a.png
588,schoolbus.png
589,jeans01.png
590,clipboard.png
591,gutteranddrainpipe.png
592,overalls.png
593,blackolive.png
594,ipad02.png
596,cuttingboard.png
597,chime.png
598,nametag01a.png
599,hand01b.png
600,dustpan.png
601,electricrazor.png
602,cassettetape01a.png
603,officechair03.png
604,tshirt.png
605,filingcabinet.png
606,wetfloorsign.png
607,windmill.png
608,granolabar01.png
609,rubberglove02b.png
610,stackingring01a.png
611,spacerover.png
612,womenwashroomsign.png
613,chandelier.png
615,vhstape.png
618,skiboot01a.png
619,stapleremover.png
620,gravyboat.png
621,highheelshoe01.png
622,stool01.png
624,stapler03a.png
625,perfume01a.png
626,menwashroomsign.png
627,wagonwheel.png
628,dumptruck.png
629,doormat.png
630,forklift.png
631,candydispenser.png
632,jumpercables.png
633,mitten04.png
634,martiniglass01b.png
635,pistachio.png
636,honeycomb.png
637,shopvac.png
638,escalator.png
640,alarmclock01.png
641,frenchfries.png
642,laundrybasket01a.png
643,binder03b.png
644,chiliflake.png
645,soap03a.png
646,parachute.png
647,handfan01b.png
648,powerchair.png
649,staple.png
650,measuringtape01.png
651,pill.png
653,eraser.png
654,castletower.png
655,flipflop01b.png
657,teapot.png
658,sink.png
659,calculator01.png
660,scale01a.png
661,funnel.png
662,gamepiece.png
663,divider02.png
667,weight01.png
668,soapdispenser01.png
669,curtain.png
670,freighttruck.png
671,podium.png
672,blender.png
674,communitymailbox.png
677,toyfiretruck.png
678,maraca01.png
680,expansioncard.png
681,thumbtack02a.png
682,satellitedish01.png
683,floodlight.png
684,acorn.png
685,folder.png
689,jokercard.png
691,waterbottle03.png
692,penne.png
693,pickle01a.png
694,shield02.png
695,broccoli01a.png
696,rollercoaster.png
698,pear01.png
699,carjack.png
701,phonebooth.png
702,pipe.png
703,safetyglasses.png
704,radish01.png
705,muffintray01.png
706,floortile01.png
707,visor.png
708,fishinghook03.png
709,pineapple01a.png
710,brownsugar.png
711,payphone.png
713,expandablefolder03a.png
714,manshoe.png
715,djmixer01.png
716,taperecorder.png
717,plasticflower01a.png
718,keyboard.png
719,mitresaw.png
720,statuette01.png
721,icecreamcone01a.png
722,treetrunk.png
723,trailer.png
725,faucet.png
727,staplegun.png
728,balcony02.png
729,waterlily.png
731,gardenutilityvehicle.png
732,aceofdiamond.png
735,handvacuum.png
736,iron01b.png
737,doorbolt.png
738,keyhook.png
741,gearshift.png
742,exercisebike.png
745,jumpingjack.png
746,trampoline.png
748,endive.png
749,puzzlepiece.png
750,log.png
751,wineglass01.png
752,ethernetcable02.png
753,megaphone.png
754,puzzle.png
756,punchingball.png
758,nailclipper03b.png
759,packofgum.png
761,onewaysign.png
763,railwaycrossingsign.png
764,swissarmyknife01a.png
765,turnstile.png
767,toycar04.png
768,barbecue03.png
770,fryingpan02a.png
771,raisin.png
772,trafficlight.png
774,strawbasket01.png
775,radio01.png
776,camera01a.png
777,stroller.png
779,cakeplatter.png
780,hairclip03.png
781,toysoldier01b.png
782,tombstone.png
784,bikerack.png
785,rice.png
787,corn02.png
788,peanut01.png
789,bust.png
790,treestump.png
791,carkey.png
792,gazebo.png
793,charcoalbarbecue.png
794,woodenshoe.png
795,eye.png
798,plasticbasket01a.png
799,threeholepunch03.png
800,towel04a.png
803,dishrack.png
804,star.png
805,doll.png
806,paperclip01b.png
808,parkfountain.png
809,tablesaw.png
810,playground.png
811,handmixer01d.png
812,hangar.png
813,pingpongpaddle01a.png
815,motorcycle.png
817,christmastree.png
818,spraybottle01.png
819,screw02.png
820,pintofbeer.png
821,daisy.png
822,bolt01a.png
823,napkin.png
825,treadmill.png
827,boatmotor.png
828,lamp04a.png
829,painttray.png
830,earring01.png
831,speedball.png
832,baguette01.png
833,waterheater.png
834,peppermill02b.png
835,lighthouse.png
836,makeupbrush04.png
837,chessknight03a.png
838,rope03.png
839,tricycle.png
840,ruins.png
841,plant01.png
842,stovetop.png
843,computermouse06.png
844,jeep.png
845,lighter01.png
846,wateringcan.png
847,carrot01.png
850,dishsoap.png
851,toytank.png
852,spraycan.png
854,officechair01.png
855,keychain.png
857,headphones02b.png
858,soundmixer.png
861,eggnoodle.png
863,thermometer02b.png
865,well.png
867,waders.png
868,hairband.png
870,fence02.png
873,sunflowerseeds.png
874,grape01.png
875,lantern03.png
876,relish.png
877,eyedrops.png
878,airhockeytable.png
879,patiochair.png
880,kidbicycle.png
881,brassknuckle.png
882,bracelet01.png
884,cracker02.png
885,foot.png
886,ribbon03a.png
887,swimgoggles.png
889,ring01.png
890,mousetrap.png
891,handblender.png
892,teabag.png
894,handgripper.png
896,shelves.png
897,belltower01.png
900,showerhead01.png
901,cellphone.png
902,sailboat.png
903,bandaid01.png
906,50dollarbill.png