block_number,stimulus_seq,trial_seq,trial_number,trial_type,stimulus_type,image_v1,image_v2,hue_v1,hue_prom_v1,hue_v2,hue_prom_v2,image_v3,image_v3,hue_v3,hue_prom_v3,hue_v4,hue_prom_v3,image_v5,image_v6,hue_v5,hue_prom_v5,hue_v6,hue_prom_v6
5,1,1,130,ongoing,ongoing,ong_034.jpg,ong_159.jpg,-43.65653,NA,139.6854,NA,ong_034.jpg,ong_159.jpg,-43.65653,NA,139.6854,NA,ong_034.jpg,ong_159.jpg,-43.65653,NA,139.6854,NA
5,2,1,131,ongoing,ongoing,ong_022.jpg,ong_082.jpg,-77.78421,NA,-18.34228,NA,ong_022.jpg,ong_082.jpg,-77.78421,NA,-18.34228,NA,ong_022.jpg,ong_082.jpg,-77.78421,NA,-18.34228,NA
5,3,1,132,ongoing,ongoing,ong_216.jpg,ong_120.jpg,136.8328,NA,-39.26676,NA,ong_216.jpg,ong_120.jpg,136.8328,NA,-39.26676,NA,ong_216.jpg,ong_120.jpg,136.8328,NA,-39.26676,NA
5,4,1,133,ongoing,ongoing,ong_143.jpg,ong_219.jpg,160.6658,NA,-88.08298,NA,ong_143.jpg,ong_219.jpg,160.6658,NA,-88.08298,NA,ong_143.jpg,ong_219.jpg,160.6658,NA,-88.08298,NA
5,5,1,134,ongoing,ongoing,ong_021.jpg,ong_231.jpg,39.55773,NA,92.0702,NA,ong_021.jpg,ong_231.jpg,39.55773,NA,92.0702,NA,ong_021.jpg,ong_231.jpg,39.55773,NA,92.0702,NA
5,6,1,135,ongoing,ongoing,ong_175.jpg,ong_220.jpg,45.69455,NA,122.2616,NA,ong_175.jpg,ong_220.jpg,45.69455,NA,122.2616,NA,ong_175.jpg,ong_220.jpg,45.69455,NA,122.2616,NA
5,7,1,136,ongoing,ongoing,ong_209.jpg,ong_053.jpg,97.88906,NA,-41.41452,NA,ong_209.jpg,ong_053.jpg,97.88906,NA,-41.41452,NA,ong_209.jpg,ong_053.jpg,97.88906,NA,-41.41452,NA
5,8,1,137,ongoing,ongoing,ong_071.jpg,ong_233.jpg,128.9848,NA,-23.75376,NA,ong_071.jpg,ong_233.jpg,128.9848,NA,-23.75376,NA,ong_071.jpg,ong_233.jpg,128.9848,NA,-23.75376,NA
5,9,1,138,ongoing,ongoing,ong_206.jpg,ong_187.jpg,174.9497,NA,116.272,NA,ong_206.jpg,ong_187.jpg,174.9497,NA,116.272,NA,ong_206.jpg,ong_187.jpg,174.9497,NA,116.272,NA
5,10,1,139,ongoing,ongoing,ong_064.jpg,ong_199.jpg,119.4848,NA,-99.73317,NA,ong_064.jpg,ong_199.jpg,119.4848,NA,-99.73317,NA,ong_064.jpg,ong_199.jpg,119.4848,NA,-99.73317,NA
5,11,1,140,ongoing,ongoing,ong_046.jpg,ong_046.jpg,-28.88067,NA,142.1003,NA,ong_046.jpg,ong_046.jpg,-28.88067,NA,142.1003,NA,ong_046.jpg,ong_046.jpg,-28.88067,NA,142.1003,NA
5,12,1,141,ongoing,ongoing,ong_204.jpg,ong_009.jpg,118.9554,NA,-121.6073,NA,ong_204.jpg,ong_009.jpg,118.9554,NA,-121.6073,NA,ong_204.jpg,ong_009.jpg,118.9554,NA,-121.6073,NA
5,13,1,142,ongoing,ongoing,ong_208.jpg,ong_163.jpg,111.2676,NA,178.9399,NA,ong_208.jpg,ong_163.jpg,111.2676,NA,178.9399,NA,ong_208.jpg,ong_163.jpg,111.2676,NA,178.9399,NA
5,14,1,143,ongoing,ongoing,ong_008.jpg,ong_084.jpg,146.9028,NA,123.7084,NA,ong_008.jpg,ong_084.jpg,146.9028,NA,123.7084,NA,ong_008.jpg,ong_084.jpg,146.9028,NA,123.7084,NA
5,15,1,144,ongoing,ongoing,ong_237.jpg,ong_076.jpg,22.7587,NA,-29.42099,NA,ong_237.jpg,ong_076.jpg,22.7587,NA,-29.42099,NA,ong_237.jpg,ong_076.jpg,22.7587,NA,-29.42099,NA
5,16,1,145,ongoing,ongoing,ong_224.jpg,ong_230.jpg,167.4824,NA,-33.09462,NA,ong_224.jpg,ong_230.jpg,167.4824,NA,-33.09462,NA,ong_224.jpg,ong_230.jpg,167.4824,NA,-33.09462,NA
5,17,1,146,ongoing,ongoing,ong_151.jpg,ong_152.jpg,60.85994,NA,-101.1697,NA,ong_151.jpg,ong_152.jpg,60.85994,NA,-101.1697,NA,ong_151.jpg,ong_152.jpg,60.85994,NA,-101.1697,NA
5,18,1,147,prom,prom_spec,prm_504.jpg,prm_504.jpg,78.229,-122,-62.66641,48,prm_240.jpg,prm_240.jpg,78.229,-122,-62.66641,48,prm_112.jpg,prm_112.jpg,78.229,-122,-62.66641,48
5,19,1,148,ongoing,ongoing,ong_082.jpg,ong_025.jpg,-10.16837,NA,151.391,NA,ong_082.jpg,ong_025.jpg,-10.16837,NA,151.391,NA,ong_082.jpg,ong_025.jpg,-10.16837,NA,151.391,NA
5,20,1,149,ongoing,ongoing,ong_210.jpg,ong_164.jpg,89.66166,NA,-97.04821,NA,ong_210.jpg,ong_164.jpg,89.66166,NA,-97.04821,NA,ong_210.jpg,ong_164.jpg,89.66166,NA,-97.04821,NA
5,21,1,150,ongoing,ongoing,ong_096.jpg,ong_085.jpg,145.2815,NA,138.5926,NA,ong_096.jpg,ong_085.jpg,145.2815,NA,138.5926,NA,ong_096.jpg,ong_085.jpg,145.2815,NA,138.5926,NA
5,22,1,151,ongoing,ongoing,ong_016.jpg,ong_106.jpg,99.53798,NA,-168.0721,NA,ong_016.jpg,ong_106.jpg,99.53798,NA,-168.0721,NA,ong_016.jpg,ong_106.jpg,99.53798,NA,-168.0721,NA
5,23,1,152,ongoing,ongoing,ong_097.jpg,ong_044.jpg,57.73695,NA,-92.42455,NA,ong_097.jpg,ong_044.jpg,57.73695,NA,-92.42455,NA,ong_097.jpg,ong_044.jpg,57.73695,NA,-92.42455,NA
5,24,1,153,ongoing,ongoing,ong_140.jpg,ong_156.jpg,116.0805,NA,-65.22456,NA,ong_140.jpg,ong_156.jpg,116.0805,NA,-65.22456,NA,ong_140.jpg,ong_156.jpg,116.0805,NA,-65.22456,NA
5,25,1,154,ongoing,ongoing,ong_090.jpg,ong_158.jpg,-68.21105,NA,-52.61062,NA,ong_090.jpg,ong_158.jpg,-68.21105,NA,-52.61062,NA,ong_090.jpg,ong_158.jpg,-68.21105,NA,-52.61062,NA
5,26,1,155,ongoing,ongoing,ong_027.jpg,ong_169.jpg,43.77196,NA,93.259,NA,ong_027.jpg,ong_169.jpg,43.77196,NA,93.259,NA,ong_027.jpg,ong_169.jpg,43.77196,NA,93.259,NA
5,27,1,156,ongoing,ongoing,ong_171.jpg,ong_189.jpg,6.038962,NA,-106.2419,NA,ong_171.jpg,ong_189.jpg,6.038962,NA,-106.2419,NA,ong_171.jpg,ong_189.jpg,6.038962,NA,-106.2419,NA
5,28,1,157,ongoing,ongoing,ong_150.jpg,ong_015.jpg,-47.41897,NA,121.4433,NA,ong_150.jpg,ong_015.jpg,-47.41897,NA,121.4433,NA,ong_150.jpg,ong_015.jpg,-47.41897,NA,121.4433,NA
5,29,1,158,ongoing,ongoing,ong_139.jpg,ong_211.jpg,-33.12619,NA,-130.5633,NA,ong_139.jpg,ong_211.jpg,-33.12619,NA,-130.5633,NA,ong_139.jpg,ong_211.jpg,-33.12619,NA,-130.5633,NA
6,30,1,159,ongoing,ongoing,ong_134.jpg,ong_016.jpg,133.1382,NA,-149.5597,NA,ong_134.jpg,ong_016.jpg,133.1382,NA,-149.5597,NA,ong_134.jpg,ong_016.jpg,133.1382,NA,-149.5597,NA
6,31,1,160,ongoing,ongoing,ong_048.jpg,ong_183.jpg,-165.0348,NA,-154.2568,NA,ong_048.jpg,ong_183.jpg,-165.0348,NA,-154.2568,NA,ong_048.jpg,ong_183.jpg,-165.0348,NA,-154.2568,NA
6,32,1,161,ongoing,ongoing,ong_189.jpg,ong_057.jpg,-174.4524,NA,-71.5084,NA,ong_189.jpg,ong_057.jpg,-174.4524,NA,-71.5084,NA,ong_189.jpg,ong_057.jpg,-174.4524,NA,-71.5084,NA
6,33,1,162,ongoing,ongoing,ong_038.jpg,ong_175.jpg,23.36961,NA,-93.7203,NA,ong_038.jpg,ong_175.jpg,23.36961,NA,-93.7203,NA,ong_038.jpg,ong_175.jpg,23.36961,NA,-93.7203,NA
6,34,1,163,ongoing,ongoing,ong_053.jpg,ong_042.jpg,128.172,NA,-144.3104,NA,ong_053.jpg,ong_042.jpg,128.172,NA,-144.3104,NA,ong_053.jpg,ong_042.jpg,128.172,NA,-144.3104,NA
6,35,1,164,ongoing,ongoing,ong_110.jpg,ong_086.jpg,171.8481,NA,158.862,NA,ong_110.jpg,ong_086.jpg,171.8481,NA,158.862,NA,ong_110.jpg,ong_086.jpg,171.8481,NA,158.862,NA
6,36,1,165,ongoing,ongoing,ong_144.jpg,ong_136.jpg,117.1695,NA,-137.4304,NA,ong_144.jpg,ong_136.jpg,117.1695,NA,-137.4304,NA,ong_144.jpg,ong_136.jpg,117.1695,NA,-137.4304,NA
6,37,1,166,ongoing,ongoing,ong_080.jpg,ong_118.jpg,33.74562,NA,158.6744,NA,ong_080.jpg,ong_118.jpg,33.74562,NA,158.6744,NA,ong_080.jpg,ong_118.jpg,33.74562,NA,158.6744,NA
6,38,1,167,ongoing,ongoing,ong_057.jpg,ong_102.jpg,-178.9273,NA,-35.22232,NA,ong_057.jpg,ong_102.jpg,-178.9273,NA,-35.22232,NA,ong_057.jpg,ong_102.jpg,-178.9273,NA,-35.22232,NA
6,39,1,168,ongoing,ongoing,ong_158.jpg,ong_171.jpg,132.4631,NA,-140.0383,NA,ong_158.jpg,ong_171.jpg,132.4631,NA,-140.0383,NA,ong_158.jpg,ong_171.jpg,132.4631,NA,-140.0383,NA
6,40,1,169,ongoing,ongoing,ong_079.jpg,ong_228.jpg,74.29711,NA,130.0613,NA,ong_079.jpg,ong_228.jpg,74.29711,NA,130.0613,NA,ong_079.jpg,ong_228.jpg,74.29711,NA,130.0613,NA
6,41,1,170,ongoing,ongoing,ong_009.jpg,ong_077.jpg,179.1869,NA,-71.61892,NA,ong_009.jpg,ong_077.jpg,179.1869,NA,-71.61892,NA,ong_009.jpg,ong_077.jpg,179.1869,NA,-71.61892,NA
6,42,1,171,ongoing,ongoing,ong_165.jpg,ong_101.jpg,15.98151,NA,-48.25103,NA,ong_165.jpg,ong_101.jpg,15.98151,NA,-48.25103,NA,ong_165.jpg,ong_101.jpg,15.98151,NA,-48.25103,NA
6,43,1,172,ongoing,ongoing,ong_174.jpg,ong_001.jpg,98.21764,NA,-28.58556,NA,ong_174.jpg,ong_001.jpg,98.21764,NA,-28.58556,NA,ong_174.jpg,ong_001.jpg,98.21764,NA,-28.58556,NA
6,44,1,173,ongoing,ongoing,ong_045.jpg,ong_017.jpg,76.61225,NA,166.5382,NA,ong_045.jpg,ong_017.jpg,76.61225,NA,166.5382,NA,ong_045.jpg,ong_017.jpg,76.61225,NA,166.5382,NA
6,45,1,174,ongoing,ongoing,ong_231.jpg,ong_135.jpg,56.4516,NA,89.98133,NA,ong_231.jpg,ong_135.jpg,56.4516,NA,89.98133,NA,ong_231.jpg,ong_135.jpg,56.4516,NA,89.98133,NA
6,46,1,175,ongoing,ongoing,ong_133.jpg,ong_018.jpg,-4.1504,NA,-49.0607,NA,ong_133.jpg,ong_018.jpg,-4.1504,NA,-49.0607,NA,ong_133.jpg,ong_018.jpg,-4.1504,NA,-49.0607,NA
6,47,1,176,ongoing,ongoing,ong_176.jpg,ong_060.jpg,136.4289,NA,-122.9803,NA,ong_176.jpg,ong_060.jpg,136.4289,NA,-122.9803,NA,ong_176.jpg,ong_060.jpg,136.4289,NA,-122.9803,NA
6,48,1,177,ongoing,ongoing,ong_067.jpg,ong_004.jpg,119.6459,NA,125.3003,NA,ong_067.jpg,ong_004.jpg,119.6459,NA,125.3003,NA,ong_067.jpg,ong_004.jpg,119.6459,NA,125.3003,NA
6,49,1,178,ongoing,ongoing,ong_179.jpg,ong_124.jpg,58.80274,NA,-159.7132,NA,ong_179.jpg,ong_124.jpg,58.80274,NA,-159.7132,NA,ong_179.jpg,ong_124.jpg,58.80274,NA,-159.7132,NA
6,50,1,179,ongoing,ongoing,ong_245.jpg,ong_193.jpg,151.7668,NA,160.1994,NA,ong_245.jpg,ong_193.jpg,151.7668,NA,160.1994,NA,ong_245.jpg,ong_193.jpg,151.7668,NA,160.1994,NA
6,51,1,180,ongoing,ongoing,ong_202.jpg,ong_090.jpg,-56.3964,NA,-171.7463,NA,ong_202.jpg,ong_090.jpg,-56.3964,NA,-171.7463,NA,ong_202.jpg,ong_090.jpg,-56.3964,NA,-171.7463,NA
6,52,1,181,ongoing,ongoing,ong_036.jpg,ong_232.jpg,131.1015,NA,2.344735,NA,ong_036.jpg,ong_232.jpg,131.1015,NA,2.344735,NA,ong_036.jpg,ong_232.jpg,131.1015,NA,2.344735,NA
6,53,1,182,ongoing,ongoing,ong_170.jpg,ong_031.jpg,94.57535,NA,-105.849,NA,ong_170.jpg,ong_031.jpg,94.57535,NA,-105.849,NA,ong_170.jpg,ong_031.jpg,94.57535,NA,-105.849,NA
6,54,1,183,ongoing,ongoing,ong_177.jpg,ong_005.jpg,-68.5996,NA,126.7127,NA,ong_177.jpg,ong_005.jpg,-68.5996,NA,126.7127,NA,ong_177.jpg,ong_005.jpg,-68.5996,NA,126.7127,NA
6,55,1,184,ongoing,ongoing,ong_213.jpg,ong_007.jpg,57.14386,NA,-171.78,NA,ong_213.jpg,ong_007.jpg,57.14386,NA,-171.78,NA,ong_213.jpg,ong_007.jpg,57.14386,NA,-171.78,NA
6,56,1,185,ongoing,ongoing,ong_010.jpg,ong_028.jpg,147.972,NA,151.359,NA,ong_010.jpg,ong_028.jpg,147.972,NA,151.359,NA,ong_010.jpg,ong_028.jpg,147.972,NA,151.359,NA
6,57,1,186,ongoing,ongoing,ong_065.jpg,ong_168.jpg,159.6232,NA,-129.1675,NA,ong_065.jpg,ong_168.jpg,159.6232,NA,-129.1675,NA,ong_065.jpg,ong_168.jpg,159.6232,NA,-129.1675,NA
6,58,1,187,ongoing,ongoing,ong_129.jpg,ong_067.jpg,126.4658,NA,-116.0787,NA,ong_129.jpg,ong_067.jpg,126.4658,NA,-116.0787,NA,ong_129.jpg,ong_067.jpg,126.4658,NA,-116.0787,NA
6,59,1,188,ongoing,ongoing,ong_073.jpg,ong_114.jpg,25.35752,NA,-43.45255,NA,ong_073.jpg,ong_114.jpg,25.35752,NA,-43.45255,NA,ong_073.jpg,ong_114.jpg,25.35752,NA,-43.45255,NA
6,60,1,189,ongoing,ongoing,ong_105.jpg,ong_006.jpg,-24.50201,NA,-81.63947,NA,ong_105.jpg,ong_006.jpg,-24.50201,NA,-81.63947,NA,ong_105.jpg,ong_006.jpg,-24.50201,NA,-81.63947,NA
7,61,1,190,ongoing,ongoing,ong_207.jpg,ong_096.jpg,145.0351,NA,8.026173,NA,ong_207.jpg,ong_096.jpg,145.0351,NA,8.026173,NA,ong_207.jpg,ong_096.jpg,145.0351,NA,8.026173,NA
7,62,1,191,ongoing,ongoing,ong_122.jpg,ong_174.jpg,-27.81346,NA,107.1837,NA,ong_122.jpg,ong_174.jpg,-27.81346,NA,107.1837,NA,ong_122.jpg,ong_174.jpg,-27.81346,NA,107.1837,NA
7,63,1,192,ongoing,ongoing,ong_072.jpg,ong_071.jpg,130.4746,NA,-24.40118,NA,ong_072.jpg,ong_071.jpg,130.4746,NA,-24.40118,NA,ong_072.jpg,ong_071.jpg,130.4746,NA,-24.40118,NA
7,64,1,193,prom,prom_spec,prm_502.jpg,prm_502.jpg,-164.9046,-122,-160.9498,48,prm_162.jpg,prm_162.jpg,-164.9046,-122,-160.9498,48,prm_197.jpg,prm_197.jpg,-164.9046,-122,-160.9498,48
7,65,1,194,ongoing,ongoing,ong_020.jpg,ong_140.jpg,-171.1212,NA,-178.6372,NA,ong_020.jpg,ong_140.jpg,-171.1212,NA,-178.6372,NA,ong_020.jpg,ong_140.jpg,-171.1212,NA,-178.6372,NA
7,66,1,195,ongoing,ongoing,ong_106.jpg,ong_062.jpg,84.26601,NA,137.5961,NA,ong_106.jpg,ong_062.jpg,84.26601,NA,137.5961,NA,ong_106.jpg,ong_062.jpg,84.26601,NA,137.5961,NA
7,67,1,196,ongoing,ongoing,ong_002.jpg,ong_073.jpg,146.2211,NA,-14.40747,NA,ong_002.jpg,ong_073.jpg,146.2211,NA,-14.40747,NA,ong_002.jpg,ong_073.jpg,146.2211,NA,-14.40747,NA
7,68,1,197,ongoing,ongoing,ong_012.jpg,ong_131.jpg,118.8301,NA,-148.9586,NA,ong_012.jpg,ong_131.jpg,118.8301,NA,-148.9586,NA,ong_012.jpg,ong_131.jpg,118.8301,NA,-148.9586,NA
7,69,1,198,ongoing,ongoing,ong_153.jpg,ong_111.jpg,-11.87101,NA,-163.0772,NA,ong_153.jpg,ong_111.jpg,-11.87101,NA,-163.0772,NA,ong_153.jpg,ong_111.jpg,-11.87101,NA,-163.0772,NA
7,70,1,199,ongoing,ongoing,ong_078.jpg,ong_012.jpg,-11.50887,NA,-23.94043,NA,ong_078.jpg,ong_012.jpg,-11.50887,NA,-23.94043,NA,ong_078.jpg,ong_012.jpg,-11.50887,NA,-23.94043,NA
7,71,1,200,ongoing,ongoing,ong_148.jpg,ong_011.jpg,-17.67067,NA,-0.3205961,NA,ong_148.jpg,ong_011.jpg,-17.67067,NA,-0.3205961,NA,ong_148.jpg,ong_011.jpg,-17.67067,NA,-0.3205961,NA
7,72,1,201,ongoing,ongoing,ong_109.jpg,ong_141.jpg,67.59969,NA,-64.97764,NA,ong_109.jpg,ong_141.jpg,67.59969,NA,-64.97764,NA,ong_109.jpg,ong_141.jpg,67.59969,NA,-64.97764,NA
7,73,1,202,ongoing,ongoing,ong_101.jpg,ong_115.jpg,-5.977298,NA,-107.3146,NA,ong_101.jpg,ong_115.jpg,-5.977298,NA,-107.3146,NA,ong_101.jpg,ong_115.jpg,-5.977298,NA,-107.3146,NA
7,74,1,203,ongoing,ongoing,ong_023.jpg,ong_094.jpg,113.7431,NA,-15.66407,NA,ong_023.jpg,ong_094.jpg,113.7431,NA,-15.66407,NA,ong_023.jpg,ong_094.jpg,113.7431,NA,-15.66407,NA
7,75,1,204,ongoing,ongoing,ong_198.jpg,ong_030.jpg,163.237,NA,90.54253,NA,ong_198.jpg,ong_030.jpg,163.237,NA,90.54253,NA,ong_198.jpg,ong_030.jpg,163.237,NA,90.54253,NA
7,76,1,205,ongoing,ongoing,ong_186.jpg,ong_144.jpg,-172.1491,NA,-175.813,NA,ong_186.jpg,ong_144.jpg,-172.1491,NA,-175.813,NA,ong_186.jpg,ong_144.jpg,-172.1491,NA,-175.813,NA
7,77,1,206,ongoing,ongoing,ong_233.jpg,ong_097.jpg,1.598232,NA,8.00698,NA,ong_233.jpg,ong_097.jpg,1.598232,NA,8.00698,NA,ong_233.jpg,ong_097.jpg,1.598232,NA,8.00698,NA
7,78,1,207,ongoing,ongoing,ong_069.jpg,ong_014.jpg,-28.19856,NA,-150.1799,NA,ong_069.jpg,ong_014.jpg,-28.19856,NA,-150.1799,NA,ong_069.jpg,ong_014.jpg,-28.19856,NA,-150.1799,NA
7,79,1,208,ongoing,ongoing,ong_243.jpg,ong_200.jpg,89.73166,NA,157.0409,NA,ong_243.jpg,ong_200.jpg,89.73166,NA,157.0409,NA,ong_243.jpg,ong_200.jpg,89.73166,NA,157.0409,NA
7,80,1,209,ongoing,ongoing,ong_043.jpg,ong_166.jpg,-18.0365,NA,-90.52384,NA,ong_043.jpg,ong_166.jpg,-18.0365,NA,-90.52384,NA,ong_043.jpg,ong_166.jpg,-18.0365,NA,-90.52384,NA
7,81,1,210,ongoing,ongoing,ong_086.jpg,ong_107.jpg,100.8142,NA,-139.921,NA,ong_086.jpg,ong_107.jpg,100.8142,NA,-139.921,NA,ong_086.jpg,ong_107.jpg,100.8142,NA,-139.921,NA
7,82,1,211,ongoing,ongoing,ong_003.jpg,ong_087.jpg,60.17251,NA,154.2732,NA,ong_003.jpg,ong_087.jpg,60.17251,NA,154.2732,NA,ong_003.jpg,ong_087.jpg,60.17251,NA,154.2732,NA
7,83,1,212,ongoing,ongoing,ong_205.jpg,ong_080.jpg,130.1904,NA,111.3757,NA,ong_205.jpg,ong_080.jpg,130.1904,NA,111.3757,NA,ong_205.jpg,ong_080.jpg,130.1904,NA,111.3757,NA
7,84,1,213,ongoing,ongoing,ong_006.jpg,ong_239.jpg,-11.06621,NA,-175.708,NA,ong_006.jpg,ong_239.jpg,-11.06621,NA,-175.708,NA,ong_006.jpg,ong_239.jpg,-11.06621,NA,-175.708,NA
7,85,1,214,ongoing,ongoing,ong_084.jpg,ong_050.jpg,49.24545,NA,155.8996,NA,ong_084.jpg,ong_050.jpg,49.24545,NA,155.8996,NA,ong_084.jpg,ong_050.jpg,49.24545,NA,155.8996,NA
7,86,1,215,ongoing,ongoing,ong_041.jpg,ong_035.jpg,-55.83312,NA,128.5101,NA,ong_041.jpg,ong_035.jpg,-55.83312,NA,128.5101,NA,ong_041.jpg,ong_035.jpg,-55.83312,NA,128.5101,NA
7,87,1,216,ongoing,ongoing,ong_035.jpg,ong_157.jpg,-21.99645,NA,-54.03719,NA,ong_035.jpg,ong_157.jpg,-21.99645,NA,-54.03719,NA,ong_035.jpg,ong_157.jpg,-21.99645,NA,-54.03719,NA
7,88,1,217,ongoing,ongoing,ong_220.jpg,ong_043.jpg,-72.94685,NA,-115.8736,NA,ong_220.jpg,ong_043.jpg,-72.94685,NA,-115.8736,NA,ong_220.jpg,ong_043.jpg,-72.94685,NA,-115.8736,NA
7,89,1,218,ongoing,ongoing,ong_114.jpg,ong_149.jpg,116.6305,NA,110.7838,NA,ong_114.jpg,ong_149.jpg,116.6305,NA,110.7838,NA,ong_114.jpg,ong_149.jpg,116.6305,NA,110.7838,NA
7,90,1,219,prom,prom_spec,prm_503.jpg,prm_503.jpg,17.71349,-122,156.6971,48,prm_117.jpg,prm_117.jpg,17.71349,-122,156.6971,48,prm_343.jpg,prm_343.jpg,17.71349,-122,156.6971,48
8,91,1,220,ongoing,ongoing,ong_226.jpg,ong_165.jpg,119.6892,NA,-132.1308,NA,ong_226.jpg,ong_165.jpg,119.6892,NA,-132.1308,NA,ong_226.jpg,ong_165.jpg,119.6892,NA,-132.1308,NA
8,92,1,221,ongoing,ongoing,ong_061.jpg,ong_103.jpg,3.721945,NA,153.9222,NA,ong_061.jpg,ong_103.jpg,3.721945,NA,153.9222,NA,ong_061.jpg,ong_103.jpg,3.721945,NA,153.9222,NA
8,93,1,222,ongoing,ongoing,ong_184.jpg,ong_092.jpg,178.2109,NA,-56.92871,NA,ong_184.jpg,ong_092.jpg,178.2109,NA,-56.92871,NA,ong_184.jpg,ong_092.jpg,178.2109,NA,-56.92871,NA
8,94,1,223,ongoing,ongoing,ong_123.jpg,ong_150.jpg,142.4016,NA,-19.34559,NA,ong_123.jpg,ong_150.jpg,142.4016,NA,-19.34559,NA,ong_123.jpg,ong_150.jpg,142.4016,NA,-19.34559,NA
8,95,1,224,ongoing,ongoing,ong_051.jpg,ong_160.jpg,22.40343,NA,149.89,NA,ong_051.jpg,ong_160.jpg,22.40343,NA,149.89,NA,ong_051.jpg,ong_160.jpg,22.40343,NA,149.89,NA
8,96,1,225,ongoing,ongoing,ong_127.jpg,ong_196.jpg,9.101872,NA,-134.8112,NA,ong_127.jpg,ong_196.jpg,9.101872,NA,-134.8112,NA,ong_127.jpg,ong_196.jpg,9.101872,NA,-134.8112,NA
8,97,1,226,ongoing,ongoing,ong_044.jpg,ong_041.jpg,144.598,NA,113.3285,NA,ong_044.jpg,ong_041.jpg,144.598,NA,113.3285,NA,ong_044.jpg,ong_041.jpg,144.598,NA,113.3285,NA
8,98,1,227,ongoing,ongoing,ong_011.jpg,ong_064.jpg,163.2509,NA,167.0159,NA,ong_011.jpg,ong_064.jpg,163.2509,NA,167.0159,NA,ong_011.jpg,ong_064.jpg,163.2509,NA,167.0159,NA
8,99,1,228,ongoing,ongoing,ong_200.jpg,ong_100.jpg,160.6784,NA,-173.8665,NA,ong_200.jpg,ong_100.jpg,160.6784,NA,-173.8665,NA,ong_200.jpg,ong_100.jpg,160.6784,NA,-173.8665,NA
8,100,1,229,ongoing,ongoing,ong_192.jpg,ong_235.jpg,133.9808,NA,-15.97643,NA,ong_192.jpg,ong_235.jpg,133.9808,NA,-15.97643,NA,ong_192.jpg,ong_235.jpg,133.9808,NA,-15.97643,NA
8,101,1,230,ongoing,ongoing,ong_232.jpg,ong_032.jpg,39.72226,NA,-48.79654,NA,ong_232.jpg,ong_032.jpg,39.72226,NA,-48.79654,NA,ong_232.jpg,ong_032.jpg,39.72226,NA,-48.79654,NA
8,102,1,231,ongoing,ongoing,ong_075.jpg,ong_002.jpg,141.0307,NA,-163.1901,NA,ong_075.jpg,ong_002.jpg,141.0307,NA,-163.1901,NA,ong_075.jpg,ong_002.jpg,141.0307,NA,-163.1901,NA
8,103,1,232,ongoing,ongoing,ong_118.jpg,ong_029.jpg,17.71619,NA,-11.46937,NA,ong_118.jpg,ong_029.jpg,17.71619,NA,-11.46937,NA,ong_118.jpg,ong_029.jpg,17.71619,NA,-11.46937,NA
8,104,1,233,ongoing,ongoing,ong_217.jpg,ong_181.jpg,-48.93299,NA,-19.55788,NA,ong_217.jpg,ong_181.jpg,-48.93299,NA,-19.55788,NA,ong_217.jpg,ong_181.jpg,-48.93299,NA,-19.55788,NA
8,105,1,234,ongoing,ongoing,ong_166.jpg,ong_052.jpg,158.2875,NA,88.71338,NA,ong_166.jpg,ong_052.jpg,158.2875,NA,88.71338,NA,ong_166.jpg,ong_052.jpg,158.2875,NA,88.71338,NA
8,106,1,235,ongoing,ongoing,ong_130.jpg,ong_214.jpg,5.182943,NA,-70.45519,NA,ong_130.jpg,ong_214.jpg,5.182943,NA,-70.45519,NA,ong_130.jpg,ong_214.jpg,5.182943,NA,-70.45519,NA
8,107,1,234,ongoing,ongoing,ong_024.jpg,ong_047.jpg,119.6295,NA,-45.44828,NA,ong_024.jpg,ong_047.jpg,119.6295,NA,-45.44828,NA,ong_024.jpg,ong_047.jpg,119.6295,NA,-45.44828,NA
8,108,1,237,ongoing,ongoing,ong_145.jpg,ong_093.jpg,-50.53097,NA,168.0108,NA,ong_145.jpg,ong_093.jpg,-50.53097,NA,168.0108,NA,ong_145.jpg,ong_093.jpg,-50.53097,NA,168.0108,NA
8,109,1,238,ongoing,ongoing,ong_005.jpg,ong_021.jpg,27.10569,NA,-94.41224,NA,ong_005.jpg,ong_021.jpg,27.10569,NA,-94.41224,NA,ong_005.jpg,ong_021.jpg,27.10569,NA,-94.41224,NA
8,110,1,239,prom,prom_spec,prm_501.jpg,prm_501.jpg,154.8387,-122,-136.3529,48,prm_185.jpg,prm_185.jpg,154.8387,-122,-136.3529,48,prm_126.jpg,prm_126.jpg,154.8387,-122,-136.3529,48
8,111,1,240,ongoing,ongoing,ong_121.jpg,ong_241.jpg,57.99543,NA,-147.0677,NA,ong_121.jpg,ong_241.jpg,57.99543,NA,-147.0677,NA,ong_121.jpg,ong_241.jpg,57.99543,NA,-147.0677,NA
8,112,1,241,ongoing,ongoing,ong_173.jpg,ong_078.jpg,82.14533,NA,166.7372,NA,ong_173.jpg,ong_078.jpg,82.14533,NA,166.7372,NA,ong_173.jpg,ong_078.jpg,82.14533,NA,166.7372,NA
8,113,1,242,ongoing,ongoing,ong_018.jpg,ong_180.jpg,-56.23796,NA,-3.077427,NA,ong_018.jpg,ong_180.jpg,-56.23796,NA,-3.077427,NA,ong_018.jpg,ong_180.jpg,-56.23796,NA,-3.077427,NA
8,114,1,243,ongoing,ongoing,ong_201.jpg,ong_209.jpg,4.963022,NA,-24.94634,NA,ong_201.jpg,ong_209.jpg,4.963022,NA,-24.94634,NA,ong_201.jpg,ong_209.jpg,4.963022,NA,-24.94634,NA
8,115,1,244,ongoing,ongoing,ong_070.jpg,ong_119.jpg,-74.54564,NA,-35.45047,NA,ong_070.jpg,ong_119.jpg,-74.54564,NA,-35.45047,NA,ong_070.jpg,ong_119.jpg,-74.54564,NA,-35.45047,NA
8,116,1,245,ongoing,ongoing,ong_128.jpg,ong_037.jpg,-25.6695,NA,100.9919,NA,ong_128.jpg,ong_037.jpg,-25.6695,NA,100.9919,NA,ong_128.jpg,ong_037.jpg,-25.6695,NA,100.9919,NA
8,117,1,246,ongoing,ongoing,ong_066.jpg,ong_051.jpg,58.96173,NA,173.4642,NA,ong_066.jpg,ong_051.jpg,58.96173,NA,173.4642,NA,ong_066.jpg,ong_051.jpg,58.96173,NA,173.4642,NA
8,118,1,247,ongoing,ongoing,ong_211.jpg,ong_113.jpg,107.5151,NA,116.9487,NA,ong_211.jpg,ong_113.jpg,107.5151,NA,116.9487,NA,ong_211.jpg,ong_113.jpg,107.5151,NA,116.9487,NA
8,119,1,248,ongoing,ongoing,ong_221.jpg,ong_020.jpg,35.95827,NA,-10.73184,NA,ong_221.jpg,ong_020.jpg,35.95827,NA,-10.73184,NA,ong_221.jpg,ong_020.jpg,35.95827,NA,-10.73184,NA
8,120,1,249,ongoing,ongoing,ong_132.jpg,ong_137.jpg,-43.66876,NA,-12.35887,NA,ong_132.jpg,ong_137.jpg,-43.66876,NA,-12.35887,NA,ong_132.jpg,ong_137.jpg,-43.66876,NA,-12.35887,NA